USE [master]
GO
/****** Object:  Database [QuanLyQuanCafe]    Script Date: 12/01/2019 5:23:35 CH ******/
CREATE DATABASE [QuanLyQuanCafe]
-- CONTAINMENT = NONE
-- ON  PRIMARY 
--( NAME = N'QuanLyQuanCafe', FILENAME = N'C:\Program Files\Microsoft SQL Server\MSSQL14.MSSQLSERVER\MSSQL\DATA\QuanLyQuanCafe.mdf' , SIZE = 8192KB , MAXSIZE = UNLIMITED, FILEGROWTH = 65536KB )
-- LOG ON 
--( NAME = N'QuanLyQuanCafe_log', FILENAME = N'C:\Program Files\Microsoft SQL Server\MSSQL14.MSSQLSERVER\MSSQL\DATA\QuanLyQuanCafe_log.ldf' , SIZE = 8192KB , MAXSIZE = 2048GB , FILEGROWTH = 65536KB )
--GO
--ALTER DATABASE [QuanLyQuanCafe] SET COMPATIBILITY_LEVEL = 140
--GO
--IF (1 = FULLTEXTSERVICEPROPERTY('IsFullTextInstalled'))
--begin
--EXEC [QuanLyQuanCafe].[dbo].[sp_fulltext_database] @action = 'enable'
--end
--GO
--ALTER DATABASE [QuanLyQuanCafe] SET ANSI_NULL_DEFAULT OFF 
--GO
--ALTER DATABASE [QuanLyQuanCafe] SET ANSI_NULLS OFF 
--GO
--ALTER DATABASE [QuanLyQuanCafe] SET ANSI_PADDING OFF 
--GO
--ALTER DATABASE [QuanLyQuanCafe] SET ANSI_WARNINGS OFF 
--GO
--ALTER DATABASE [QuanLyQuanCafe] SET ARITHABORT OFF 
--GO
--ALTER DATABASE [QuanLyQuanCafe] SET AUTO_CLOSE OFF 
--GO
--ALTER DATABASE [QuanLyQuanCafe] SET AUTO_SHRINK OFF 
--GO
--ALTER DATABASE [QuanLyQuanCafe] SET AUTO_UPDATE_STATISTICS ON 
--GO
--ALTER DATABASE [QuanLyQuanCafe] SET CURSOR_CLOSE_ON_COMMIT OFF 
--GO
--ALTER DATABASE [QuanLyQuanCafe] SET CURSOR_DEFAULT  GLOBAL 
--GO
--ALTER DATABASE [QuanLyQuanCafe] SET CONCAT_NULL_YIELDS_NULL OFF 
--GO
--ALTER DATABASE [QuanLyQuanCafe] SET NUMERIC_ROUNDABORT OFF 
--GO
--ALTER DATABASE [QuanLyQuanCafe] SET QUOTED_IDENTIFIER OFF 
--GO
--ALTER DATABASE [QuanLyQuanCafe] SET RECURSIVE_TRIGGERS OFF 
--GO
--ALTER DATABASE [QuanLyQuanCafe] SET  ENABLE_BROKER 
--GO
--ALTER DATABASE [QuanLyQuanCafe] SET AUTO_UPDATE_STATISTICS_ASYNC OFF 
--GO
--ALTER DATABASE [QuanLyQuanCafe] SET DATE_CORRELATION_OPTIMIZATION OFF 
--GO
--ALTER DATABASE [QuanLyQuanCafe] SET TRUSTWORTHY OFF 
--GO
--ALTER DATABASE [QuanLyQuanCafe] SET ALLOW_SNAPSHOT_ISOLATION OFF 
--GO
--ALTER DATABASE [QuanLyQuanCafe] SET PARAMETERIZATION SIMPLE 
--GO
--ALTER DATABASE [QuanLyQuanCafe] SET READ_COMMITTED_SNAPSHOT OFF 
--GO
--ALTER DATABASE [QuanLyQuanCafe] SET HONOR_BROKER_PRIORITY OFF 
--GO
--ALTER DATABASE [QuanLyQuanCafe] SET RECOVERY FULL 
--GO
--ALTER DATABASE [QuanLyQuanCafe] SET  MULTI_USER 
--GO
--ALTER DATABASE [QuanLyQuanCafe] SET PAGE_VERIFY CHECKSUM  
--GO
--ALTER DATABASE [QuanLyQuanCafe] SET DB_CHAINING OFF 
--GO
--ALTER DATABASE [QuanLyQuanCafe] SET FILESTREAM( NON_TRANSACTED_ACCESS = OFF ) 
--GO
--ALTER DATABASE [QuanLyQuanCafe] SET TARGET_RECOVERY_TIME = 60 SECONDS 
--GO
--ALTER DATABASE [QuanLyQuanCafe] SET DELAYED_DURABILITY = DISABLED 
--GO
--EXEC sys.sp_db_vardecimal_storage_format N'QuanLyQuanCafe', N'ON'
--GO
--ALTER DATABASE [QuanLyQuanCafe] SET QUERY_STORE = OFF
--GO
--USE [QuanLyQuanCafe]
--GO
--ALTER DATABASE SCOPED CONFIGURATION SET IDENTITY_CACHE = ON;
--GO
--ALTER DATABASE SCOPED CONFIGURATION SET LEGACY_CARDINALITY_ESTIMATION = OFF;
--GO
--ALTER DATABASE SCOPED CONFIGURATION FOR SECONDARY SET LEGACY_CARDINALITY_ESTIMATION = PRIMARY;
--GO
--ALTER DATABASE SCOPED CONFIGURATION SET MAXDOP = 0;
--GO
--ALTER DATABASE SCOPED CONFIGURATION FOR SECONDARY SET MAXDOP = PRIMARY;
--GO
--ALTER DATABASE SCOPED CONFIGURATION SET PARAMETER_SNIFFING = ON;
--GO
--ALTER DATABASE SCOPED CONFIGURATION FOR SECONDARY SET PARAMETER_SNIFFING = PRIMARY;
--GO
--ALTER DATABASE SCOPED CONFIGURATION SET QUERY_OPTIMIZER_HOTFIXES = OFF;
--GO
--ALTER DATABASE SCOPED CONFIGURATION FOR SECONDARY SET QUERY_OPTIMIZER_HOTFIXES = PRIMARY;
GO
USE [QuanLyQuanCafe]
GO
/****** Object:  Table [dbo].[Customer]    Script Date: 12/01/2019 5:23:35 CH ******/
SET ANSI_NULLS ON
GO
SET QUOTED_IDENTIFIER ON
GO
CREATE TABLE [dbo].[Customer](
	[Id] [int] IDENTITY(1,1) NOT NULL,
	[DisplayName] [nvarchar](max) NULL,
	[Address] [nvarchar](max) NULL,
	[Phone] [nvarchar](20) NULL,
	[Email] [nvarchar](200) NULL,
	[MoreInfo] [nvarchar](max) NULL,
	[ContractDate] [datetime] NULL,
PRIMARY KEY CLUSTERED 
(
	[Id] ASC
)WITH (PAD_INDEX = OFF, STATISTICS_NORECOMPUTE = OFF, IGNORE_DUP_KEY = OFF, ALLOW_ROW_LOCKS = ON, ALLOW_PAGE_LOCKS = ON) ON [PRIMARY]
) ON [PRIMARY] TEXTIMAGE_ON [PRIMARY]
GO
/****** Object:  Table [dbo].[Input]    Script Date: 12/01/2019 5:23:36 CH ******/
SET ANSI_NULLS ON
GO
SET QUOTED_IDENTIFIER ON
GO
CREATE TABLE [dbo].[Input](
	[Id] [nvarchar](128) NOT NULL,
	[DateInput] [datetime] NULL,
PRIMARY KEY CLUSTERED 
(
	[Id] ASC
)WITH (PAD_INDEX = OFF, STATISTICS_NORECOMPUTE = OFF, IGNORE_DUP_KEY = OFF, ALLOW_ROW_LOCKS = ON, ALLOW_PAGE_LOCKS = ON) ON [PRIMARY]
) ON [PRIMARY]
GO
/****** Object:  Table [dbo].[InputInfo]    Script Date: 12/01/2019 5:23:36 CH ******/
SET ANSI_NULLS ON
GO
SET QUOTED_IDENTIFIER ON
GO
CREATE TABLE [dbo].[InputInfo](
	[Id] [nvarchar](128) NOT NULL,
	[IdObject] [nvarchar](128) NOT NULL,
	[IdInput] [nvarchar](128) NOT NULL,
	[Count] [int] NULL,
	[InputPrice] [float] NULL,
	[OutputPrice] [float] NULL,
	[Status] [nvarchar](max) NULL,
PRIMARY KEY CLUSTERED 
(
	[Id] ASC
)WITH (PAD_INDEX = OFF, STATISTICS_NORECOMPUTE = OFF, IGNORE_DUP_KEY = OFF, ALLOW_ROW_LOCKS = ON, ALLOW_PAGE_LOCKS = ON) ON [PRIMARY]
) ON [PRIMARY] TEXTIMAGE_ON [PRIMARY]
GO
/****** Object:  Table [dbo].[Object]    Script Date: 12/01/2019 5:23:36 CH ******/
SET ANSI_NULLS ON
GO
SET QUOTED_IDENTIFIER ON
GO
CREATE TABLE [dbo].[Object](
	[Id] [nvarchar](128) NOT NULL,
	[DisplayName] [nvarchar](max) NULL,
	[IdUnit] [int] NOT NULL,
	[IdSuplier] [int] NOT NULL,
	[QRCode] [nvarchar](max) NULL,
	[BarCode] [nvarchar](max) NULL,
PRIMARY KEY CLUSTERED 
(
	[Id] ASC
)WITH (PAD_INDEX = OFF, STATISTICS_NORECOMPUTE = OFF, IGNORE_DUP_KEY = OFF, ALLOW_ROW_LOCKS = ON, ALLOW_PAGE_LOCKS = ON) ON [PRIMARY]
) ON [PRIMARY] TEXTIMAGE_ON [PRIMARY]
GO
/****** Object:  Table [dbo].[Output]    Script Date: 12/01/2019 5:23:36 CH ******/
SET ANSI_NULLS ON
GO
SET QUOTED_IDENTIFIER ON
GO
CREATE TABLE [dbo].[Output](
	[Id] [nvarchar](128) NOT NULL,
	[IdCustomer] [int] NOT NULL,
	[IdUser] [int] NOT NULL,
	[IdPromotion] [int] NULL,
	[DateOutput] [datetime] NULL,
	[Status] [nvarchar](max) NULL,
	[Total] [float] NULL,
PRIMARY KEY CLUSTERED 
(
	[Id] ASC
)WITH (PAD_INDEX = OFF, STATISTICS_NORECOMPUTE = OFF, IGNORE_DUP_KEY = OFF, ALLOW_ROW_LOCKS = ON, ALLOW_PAGE_LOCKS = ON) ON [PRIMARY]
) ON [PRIMARY] TEXTIMAGE_ON [PRIMARY]
GO
/****** Object:  Table [dbo].[OutputInfo]    Script Date: 12/01/2019 5:23:36 CH ******/
SET ANSI_NULLS ON
GO
SET QUOTED_IDENTIFIER ON
GO
CREATE TABLE [dbo].[OutputInfo](
	[Id] [nvarchar](128) NOT NULL,
	[IdOutput] [nvarchar](128) NOT NULL,
	[IdObject] [nvarchar](128) NOT NULL,
	[IdInputInfo] [nvarchar](128) NOT NULL,
	[Count] [int] NULL,
	[Status] [nvarchar](max) NULL,
	[SumPrice] [float] NULL,
PRIMARY KEY CLUSTERED 
(
	[Id] ASC
)WITH (PAD_INDEX = OFF, STATISTICS_NORECOMPUTE = OFF, IGNORE_DUP_KEY = OFF, ALLOW_ROW_LOCKS = ON, ALLOW_PAGE_LOCKS = ON) ON [PRIMARY]
) ON [PRIMARY] TEXTIMAGE_ON [PRIMARY]
GO
/****** Object:  Table [dbo].[Promotion]    Script Date: 12/01/2019 5:23:36 CH ******/
SET ANSI_NULLS ON
GO
SET QUOTED_IDENTIFIER ON
GO
CREATE TABLE [dbo].[Promotion](
	[Id] [int] IDENTITY(1,1) NOT NULL,
	[DisplayName] [nvarchar](max) NULL,
	[StartDate] [datetime] NULL,
	[EndDate] [datetime] NULL,
	[PromotionalValue] [float] NULL,
PRIMARY KEY CLUSTERED 
(
	[Id] ASC
)WITH (PAD_INDEX = OFF, STATISTICS_NORECOMPUTE = OFF, IGNORE_DUP_KEY = OFF, ALLOW_ROW_LOCKS = ON, ALLOW_PAGE_LOCKS = ON) ON [PRIMARY]
) ON [PRIMARY] TEXTIMAGE_ON [PRIMARY]
GO
/****** Object:  Table [dbo].[Suplier]    Script Date: 12/01/2019 5:23:36 CH ******/
SET ANSI_NULLS ON
GO
SET QUOTED_IDENTIFIER ON
GO
CREATE TABLE [dbo].[Suplier](
	[Id] [int] IDENTITY(1,1) NOT NULL,
	[DisplayName] [nvarchar](max) NULL,
	[Address] [nvarchar](max) NULL,
	[Phone] [nvarchar](20) NULL,
	[Email] [nvarchar](200) NULL,
	[MoreInfo] [nvarchar](max) NULL,
	[ContractDate] [datetime] NULL,
PRIMARY KEY CLUSTERED 
(
	[Id] ASC
)WITH (PAD_INDEX = OFF, STATISTICS_NORECOMPUTE = OFF, IGNORE_DUP_KEY = OFF, ALLOW_ROW_LOCKS = ON, ALLOW_PAGE_LOCKS = ON) ON [PRIMARY]
) ON [PRIMARY] TEXTIMAGE_ON [PRIMARY]
GO
/****** Object:  Table [dbo].[Unit]    Script Date: 12/01/2019 5:23:36 CH ******/
SET ANSI_NULLS ON
GO
SET QUOTED_IDENTIFIER ON
GO
CREATE TABLE [dbo].[Unit](
	[Id] [int] IDENTITY(1,1) NOT NULL,
	[DisplayName] [nvarchar](max) NULL,
PRIMARY KEY CLUSTERED 
(
	[Id] ASC
)WITH (PAD_INDEX = OFF, STATISTICS_NORECOMPUTE = OFF, IGNORE_DUP_KEY = OFF, ALLOW_ROW_LOCKS = ON, ALLOW_PAGE_LOCKS = ON) ON [PRIMARY]
) ON [PRIMARY] TEXTIMAGE_ON [PRIMARY]
GO
/****** Object:  Table [dbo].[UserRole]    Script Date: 12/01/2019 5:23:36 CH ******/
SET ANSI_NULLS ON
GO
SET QUOTED_IDENTIFIER ON
GO
CREATE TABLE [dbo].[UserRole](
	[Id] [int] IDENTITY(1,1) NOT NULL,
	[DisplayName] [nvarchar](max) NULL,
PRIMARY KEY CLUSTERED 
(
	[Id] ASC
)WITH (PAD_INDEX = OFF, STATISTICS_NORECOMPUTE = OFF, IGNORE_DUP_KEY = OFF, ALLOW_ROW_LOCKS = ON, ALLOW_PAGE_LOCKS = ON) ON [PRIMARY]
) ON [PRIMARY] TEXTIMAGE_ON [PRIMARY]
GO
/****** Object:  Table [dbo].[Users]    Script Date: 12/01/2019 5:23:36 CH ******/
SET ANSI_NULLS ON
GO
SET QUOTED_IDENTIFIER ON
GO
CREATE TABLE [dbo].[Users](
	[Id] [int] IDENTITY(1,1) NOT NULL,
	[DisplayName] [nvarchar](max) NULL,
	[UserName] [nvarchar](100) NULL,
	[Password] [nvarchar](max) NULL,
	[IdRole] [int] NOT NULL,
PRIMARY KEY CLUSTERED 
(
	[Id] ASC
)WITH (PAD_INDEX = OFF, STATISTICS_NORECOMPUTE = OFF, IGNORE_DUP_KEY = OFF, ALLOW_ROW_LOCKS = ON, ALLOW_PAGE_LOCKS = ON) ON [PRIMARY]
) ON [PRIMARY] TEXTIMAGE_ON [PRIMARY]
GO
SET IDENTITY_INSERT [dbo].[Customer] ON 

INSERT [dbo].[Customer] ([Id], [DisplayName], [Address], [Phone], [Email], [MoreInfo], [ContractDate]) VALUES (1, N'Lý Gia', N'Ea Toh', N'0939980849', N'lygia@gmail.com', N'ok', CAST(N'2018-12-24T00:00:00.000' AS DateTime))
INSERT [dbo].[Customer] ([Id], [DisplayName], [Address], [Phone], [Email], [MoreInfo], [ContractDate]) VALUES (2, N'Bùi Thị', N'Ea Hồ 2', N'09499808', N'buithi@gmail.com', N'ok', CAST(N'2018-12-23T00:00:00.000' AS DateTime))
SET IDENTITY_INSERT [dbo].[Customer] OFF
INSERT [dbo].[Input] ([Id], [DateInput]) VALUES (N'1', CAST(N'2018-12-27T00:00:00.000' AS DateTime))
INSERT [dbo].[Input] ([Id], [DateInput]) VALUES (N'2', CAST(N'2018-11-23T00:00:00.000' AS DateTime))
INSERT [dbo].[InputInfo] ([Id], [IdObject], [IdInput], [Count], [InputPrice], [OutputPrice], [Status]) VALUES (N'1', N'1', N'1', 15, 20000, 30000, N'first')
INSERT [dbo].[InputInfo] ([Id], [IdObject], [IdInput], [Count], [InputPrice], [OutputPrice], [Status]) VALUES (N'2', N'2', N'2', 20, 40000, 70000, N'two')
INSERT [dbo].[Object] ([Id], [DisplayName], [IdUnit], [IdSuplier], [QRCode], [BarCode]) VALUES (N'058cc411-6777-4a7b-a0b1-bbc48e1af578', N'Quần Jorker', 2, 1, N'abc', N'xyz')
INSERT [dbo].[Object] ([Id], [DisplayName], [IdUnit], [IdSuplier], [QRCode], [BarCode]) VALUES (N'1', N'Áo Hoa', 1, 1, N'abc', N'xyz')
INSERT [dbo].[Object] ([Id], [DisplayName], [IdUnit], [IdSuplier], [QRCode], [BarCode]) VALUES (N'2', N'Quần Hoa', 2, 2, N'abc', N'xyz')
INSERT [dbo].[Output] ([Id], [IdCustomer], [IdUser], [IdPromotion], [DateOutput], [Status], [Total]) VALUES (N'1', 1, 1, 1, CAST(N'2018-11-06T00:00:00.000' AS DateTime), N'firstOutput', 10000)
INSERT [dbo].[Output] ([Id], [IdCustomer], [IdUser], [IdPromotion], [DateOutput], [Status], [Total]) VALUES (N'2', 2, 2, 1, CAST(N'2018-11-23T00:00:00.000' AS DateTime), N'twoOutput', 5000)
INSERT [dbo].[OutputInfo] ([Id], [IdOutput], [IdObject], [IdInputInfo], [Count], [Status], [SumPrice]) VALUES (N'1', N'1', N'1', N'1', 5, N'firstOuputInfo', 100000)
INSERT [dbo].[OutputInfo] ([Id], [IdOutput], [IdObject], [IdInputInfo], [Count], [Status], [SumPrice]) VALUES (N'2', N'1', N'2', N'2', 8, N'firstOuputInfo', 320000)
INSERT [dbo].[OutputInfo] ([Id], [IdOutput], [IdObject], [IdInputInfo], [Count], [Status], [SumPrice]) VALUES (N'3', N'1', N'2', N'1', 4, N'firstOuputInfo', 90000)
INSERT [dbo].[OutputInfo] ([Id], [IdOutput], [IdObject], [IdInputInfo], [Count], [Status], [SumPrice]) VALUES (N'5', N'2', N'2', N'2', 9, N'twoOuputInfo', 360000)
SET IDENTITY_INSERT [dbo].[Promotion] ON 

INSERT [dbo].[Promotion] ([Id], [DisplayName], [StartDate], [EndDate], [PromotionalValue]) VALUES (1, N'Giảm giá 10%', CAST(N'2018-11-23T00:00:00.000' AS DateTime), CAST(N'2018-12-23T00:00:00.000' AS DateTime), 0.1)
SET IDENTITY_INSERT [dbo].[Promotion] OFF
SET IDENTITY_INSERT [dbo].[Suplier] ON 

INSERT [dbo].[Suplier] ([Id], [DisplayName], [Address], [Phone], [Email], [MoreInfo], [ContractDate]) VALUES (1, N'Nguyen Van', N'Ea Ho', N'0949980849', N'nguyenvan@gmail.com', N'fast', CAST(N'2018-12-19T00:00:00.000' AS DateTime))
INSERT [dbo].[Suplier] ([Id], [DisplayName], [Address], [Phone], [Email], [MoreInfo], [ContractDate]) VALUES (2, N'Đào Thị', N'Ea Tân', N'0949980849', N'daothi@gmail.com', N'ok', CAST(N'2018-12-21T00:00:00.000' AS DateTime))
SET IDENTITY_INSERT [dbo].[Suplier] OFF
SET IDENTITY_INSERT [dbo].[Unit] ON 

INSERT [dbo].[Unit] ([Id], [DisplayName]) VALUES (1, N'Cái 5')
INSERT [dbo].[Unit] ([Id], [DisplayName]) VALUES (2, N'Bộ')
INSERT [dbo].[Unit] ([Id], [DisplayName]) VALUES (3, N'Chiếc')
INSERT [dbo].[Unit] ([Id], [DisplayName]) VALUES (4, N'Cái')
INSERT [dbo].[Unit] ([Id], [DisplayName]) VALUES (5, N'Bàn')
SET IDENTITY_INSERT [dbo].[Unit] OFF
SET IDENTITY_INSERT [dbo].[UserRole] ON 

INSERT [dbo].[UserRole] ([Id], [DisplayName]) VALUES (1, N'Admin')
INSERT [dbo].[UserRole] ([Id], [DisplayName]) VALUES (2, N'Nh�n vi�n')
SET IDENTITY_INSERT [dbo].[UserRole] OFF
SET IDENTITY_INSERT [dbo].[Users] ON 

INSERT [dbo].[Users] ([Id], [DisplayName], [UserName], [Password], [IdRole]) VALUES (1, N'Krazyboy', N'admin', N'db69fc039dcbd2962cb4d28f5891aae1', 1)
INSERT [dbo].[Users] ([Id], [DisplayName], [UserName], [Password], [IdRole]) VALUES (2, N'Staff', N'staff', N'978aae9bb6bee8fb75de3e4830a1be46', 2)
SET IDENTITY_INSERT [dbo].[Users] OFF
ALTER TABLE [dbo].[InputInfo] ADD  DEFAULT ((0)) FOR [InputPrice]
GO
ALTER TABLE [dbo].[InputInfo] ADD  DEFAULT ((0)) FOR [OutputPrice]
GO
ALTER TABLE [dbo].[Output] ADD  DEFAULT ((0)) FOR [Total]
GO
ALTER TABLE [dbo].[OutputInfo] ADD  DEFAULT ((0)) FOR [SumPrice]
GO
ALTER TABLE [dbo].[Promotion] ADD  DEFAULT ((0)) FOR [PromotionalValue]
GO
ALTER TABLE [dbo].[InputInfo]  WITH CHECK ADD FOREIGN KEY([IdInput])
REFERENCES [dbo].[Input] ([Id])
GO
ALTER TABLE [dbo].[InputInfo]  WITH CHECK ADD FOREIGN KEY([IdObject])
REFERENCES [dbo].[Object] ([Id])
GO
ALTER TABLE [dbo].[Object]  WITH CHECK ADD FOREIGN KEY([IdUnit])
REFERENCES [dbo].[Unit] ([Id])
GO
ALTER TABLE [dbo].[Object]  WITH CHECK ADD FOREIGN KEY([IdSuplier])
REFERENCES [dbo].[Suplier] ([Id])
GO
ALTER TABLE [dbo].[Output]  WITH CHECK ADD FOREIGN KEY([IdCustomer])
REFERENCES [dbo].[Customer] ([Id])
GO
ALTER TABLE [dbo].[Output]  WITH CHECK ADD FOREIGN KEY([IdPromotion])
REFERENCES [dbo].[Promotion] ([Id])
GO
ALTER TABLE [dbo].[Output]  WITH CHECK ADD FOREIGN KEY([IdUser])
REFERENCES [dbo].[Users] ([Id])
GO
ALTER TABLE [dbo].[OutputInfo]  WITH CHECK ADD FOREIGN KEY([IdInputInfo])
REFERENCES [dbo].[InputInfo] ([Id])
GO
ALTER TABLE [dbo].[OutputInfo]  WITH CHECK ADD FOREIGN KEY([IdObject])
REFERENCES [dbo].[Object] ([Id])
GO
ALTER TABLE [dbo].[OutputInfo]  WITH CHECK ADD FOREIGN KEY([IdOutput])
REFERENCES [dbo].[Output] ([Id])
GO
ALTER TABLE [dbo].[Users]  WITH CHECK ADD FOREIGN KEY([IdRole])
REFERENCES [dbo].[UserRole] ([Id])
GO
USE [master]
GO
ALTER DATABASE [QuanLyQuanCafe] SET  READ_WRITE 
GO
